node,pos_x,pos_y
Early music,0.7390748262405396,0.18207380175590515
Danger music,0.7512800097465515,0.18567614257335663
Hill country blues,0.8243628740310669,0.2774927616119385
Jump blues,0.8232524394989014,0.20957350730895996
Louisiana blues,0.8385157585144043,0.21675263345241547
Texas blues,0.7333777546882629,0.2281775027513504
Dansband,0.8507981300354004,0.22954747080802917
Cowboy pop,0.8332286477088928,0.24893929064273834
Elevator music,0.855836808681488,0.21830043196678162
Downtempo,0.797553539276123,0.2741750478744507
Neoclassical new-age music,0.8128929734230042,0.2621682584285736
Nu skool breaks,0.7220519781112671,0.2033063918352127
Liquid funk,0.8419035077095032,0.23719261586666107
Dubtronica,0.7907083630561829,0.2791350781917572
Indietronica,0.8284696936607361,0.22075819969177246
Azonto,0.824830949306488,0.18800367414951324
Coupé-décalé,0.7333931922912598,0.21938489377498627
Mahraganat,0.851213812828064,0.2427612543106079
Early hardcore,0.8455755710601807,0.22205065190792084
Speedcore,0.776665449142456,0.24737229943275452
Jumpstyle,0.8114017248153687,0.2286892533302307
Mallsoft,0.7234449982643127,0.18247953057289124
Instrumental hip hop,0.8019739985466003,0.24716879427433014
Kidandali,0.7443391680717468,0.20740780234336853
Ambient house,0.8422833681106567,0.2621256709098816
Dutch house,0.7752788662910461,0.2637764513492584
Tech house,0.8322569727897644,0.20593543350696564
Tribal house,0.8328832387924194,0.25929147005081177
Futurepop,0.799931526184082,0.19047439098358154
Drill 'n' bass,0.8283024430274963,0.18035411834716797
Plunderphonics,0.7883452773094177,0.2518996000289917
Acid techno,0.8172134757041931,0.21942821145057678
Bleep techno,0.7076157331466675,0.20601701736450195
Free tekno,0.8199443221092224,0.19539690017700195
Balearic trance,0.8533420562744141,0.25382891297340393
Tech trance,0.7887578010559082,0.2085992842912674
Grindie,0.8006911873817444,0.1789124310016632
Skweee,0.7565547227859497,0.23620209097862244
Indie folk,0.7404224276542664,0.21563197672367096
Boom bap,0.706582248210907,0.19027777016162872
Gypsy jazz,0.7982097268104553,0.21453456580638885
Punk jazz,0.7812165021896362,0.2726436257362366
Straight-ahead jazz,0.7107354998588562,0.1980408877134323
Trad jazz,0.8080688714981079,0.20986561477184296
Baroque pop,0.8174533843994141,0.1801617443561554
French pop music,0.8433848023414612,0.2505740225315094
Nederpop,0.8482769727706909,0.20234227180480957
Nordic popular music,0.8445326685905457,0.2099350541830063
Korean hip hop,0.7840197086334229,0.22485479712486267
Trot (music),0.8034295439720154,0.23606112599372864
Latin ballad,0.6851083040237427,0.1932964324951172
Rhythmic adult contemporary,0.8224884271621704,0.23342454433441162
Urban adult contemporary,0.8069095015525818,0.270535409450531
Vispop,0.7488520741462708,0.198587566614151
Deep funk,0.7451637983322144,0.2271735668182373
Southern gospel,0.8344630002975464,0.27054160833358765
Post-Britpop,0.8588595986366272,0.23560459911823273
Chinese rock,0.81650310754776,0.2749294340610504
Iranian rock,0.8136646151542664,0.20114733278751373
Avant-prog,0.7742156982421875,0.2151699960231781
Rock opera,0.8076298236846924,0.18438079953193665
Deathgrind,0.7891932725906372,0.19142502546310425
Technical death metal,0.8418202996253967,0.19744226336479187
Kawaii metal,0.7150614857673645,0.2170601785182953
Djent,0.8401159644126892,0.18835937976837158
German punk,0.8235670328140259,0.256300151348114
Powerviolence,0.831547737121582,0.1955534964799881
Apala,0.8254485726356506,0.2673685848712921
Jùjú music,0.7374233603477478,0.20424558222293854
Marrabenta,0.8304951190948486,0.2398981899023056
Hong Kong English pop,0.7157646417617798,0.18754787743091583
Enka,0.7905515432357788,0.2662201225757599
Carnatic music,0.7512579560279846,0.17638865113258362
Sri Lankan hip hop,0.6689291000366211,0.1873370260000229
Dangdut,0.7353370785713196,0.19273871183395386
Turkish folk music,0.7365579009056091,0.23729771375656128
Music of Cyprus,0.8343276977539062,0.22909080982208252
Music of Austria,0.810147762298584,0.2515350580215454
Music of Denmark,0.7568159699440002,0.19483372569084167
Music of Moldova,0.8084679245948792,0.2813482880592346
Music of Wales,0.7827250361442566,0.25900137424468994
Lambada,0.7908059358596802,0.24263978004455566
Cha-cha-chá (music),0.7995706796646118,0.259874552488327
Mento,0.7664383053779602,0.1843160092830658
Songo music,0.8191688656806946,0.24484436213970184
Twoubadou,0.7987962961196899,0.22518888115882874
Inuit music,0.7871971726417542,0.23455387353897095
Spiritual (music),0.7368237376213074,0.24581606686115265
pasodoble,0.7003586292266846,0.2096724957227707
Bassist,0.7973858118057251,0.20054641366004944
marches,0.7054684162139893,0.21992667019367218
War song,0.7261269092559814,0.2347923070192337
Impressionism in music,-0.8682602643966675,-0.05239339917898178
Detroit blues,-0.844167172908783,-0.07507212460041046
Blues#Urban blues,-0.8259082436561584,-0.08696474134922028
Piedmont blues,-0.8172494769096375,-0.007418674882501364
Cajun fiddle,-0.7625344395637512,-0.05600115284323692
Red dirt (music),-0.8404629826545715,-0.03985896334052086
Ambient dub,-0.801925778388977,-0.09248002618551254
Darkstep,-0.8449043035507202,-0.02092808671295643
Electroacoustic improvisation,-0.8185983300209045,-0.043146006762981415
Budots,-0.8156024217605591,-0.07689310610294342
Changa tuki,-0.8556042909622192,-0.052591029554605484
Funk ostentação,-0.7028409242630005,-0.03261915221810341
Rasteirinha,-0.7141393423080444,-0.030817465856671333
Lento violento,-0.8387357592582703,-0.06515264511108398
Trap (EDM),-0.7948271632194519,-0.034731339663267136
Ball culture#Music,-0.8553531169891357,-0.03820851072669029
Hardbag,-0.8175169825553894,-0.0595647357404232
Complextro,-0.8529819846153259,-0.06799039244651794
Juke house,-0.825401782989502,-0.05086299777030945
Scouse house,-0.8207032680511475,-0.014769509434700012
Dub techno,-0.8750746250152588,-0.06015818193554878
Progressive trance,-0.8466032147407532,-0.05572091042995453
Riddim (EDM),-0.7478606104850769,-0.05249849334359169
Funkstep,-0.8702897429466248,-0.04044082388281822
Creole music,-0.7155515551567078,-0.043530888855457306
Freak folk,-0.7216642498970032,-0.06502549350261688
Singer-songwriter,-0.8700705766677856,-0.07062648981809616
Jerkin',-0.8426274657249451,-0.09284375607967377
Punk rap,-0.727811336517334,-0.02372068166732788
Rap opera,-0.8386306762695312,-0.10436001420021057
Rapcore,-0.7213627099990845,-0.025068791583180428
Free funk,-0.8107842206954956,-0.03530590981245041
Jazz rock,-0.8481491804122925,-0.03296889737248421
Modal jazz,-0.7469376921653748,-0.025982599705457687
Vocal jazz,-0.8362289667129517,-0.08228432387113571
Christian pop,-0.8264665007591248,-0.09938615560531616
Russian pop,-0.7332618832588196,-0.015453044325113297
Anime song,-0.7058209776878357,-0.04513653367757797
Rhythmic oldies,-0.8558099865913391,-0.07975617051124573
Operatic pop,-0.7242257595062256,-0.05105848237872124
Original Pilipino Music,-0.860359251499176,-0.062417592853307724
OPM,-0.7171744108200073,-0.0555393360555172
Psychedelic pop,-0.8350875377655029,-0.0955854132771492
Active rock,-0.7735697627067566,-0.04294693097472191
Kindie rock,-0.8173190355300903,-0.025378437712788582
Dark cabaret,-0.8219207525253296,-0.10828464478254318
Rock music in Mexico,-0.7525438070297241,-0.03765522688627243
Mainstream rock,-0.8013612031936646,-0.05012022331357002
Occult rock,-0.8274727463722229,-0.06358914077281952
Proto-prog,-0.8130864500999451,-0.08997969329357147
Rock music in France,-0.7094393968582153,-0.05521408095955849
Sufi rock,-0.8274002075195312,-0.026045141741633415
Wizard rock,-0.8539143204689026,-0.013051290065050125
Symphonic black metal,-0.8674677610397339,-0.030809864401817322
Deathpunk,-0.8238624334335327,-0.07377377897500992
Latino punk,-0.8365340232849121,-0.009188851341605186
Nazi punk,-0.8599197268486023,-0.09281258285045624
Reggae punk,-0.8057512044906616,-0.10209508240222931
Benga music,-0.8614822030067444,-0.044561732560396194
Chimurenga music,-0.7219187021255493,-0.015306942164897919
Genge,-0.8621484637260437,-0.02105388417840004
Isicathamiya,-0.8065289855003357,-0.07967381179332733
Marabi,-0.7942034006118774,-0.0806131586432457
Mbaqanga,-0.8305003046989441,-0.03565629571676254
Mbube (genre),-0.8434541821479797,-0.0067796604707837105
Morna (music),-0.8059963583946228,-0.06494086235761642
Chinese hip hop,-0.7709072828292847,-0.07256108522415161
Taiwanese pop,-0.7223594784736633,-0.03367733210325241
Japanese hip hop,-0.8640169501304626,-0.07926968485116959
Liwa (music),-0.8352948427200317,-0.049740832298994064
Music of Israel,-0.7884805202484131,-0.06171063706278801
Music of New Zealand,-0.6897217631340027,-0.04010440409183502
Music of Bosnia and Herzegovina,-0.8537744283676147,-0.02500234730541706
Rautalanka,-0.7767684459686279,-0.025636807084083557
Brega (music),-0.7999491095542908,-0.019517159089446068
Pagode,-0.7235302329063416,-0.041421208530664444
Chutney soca,-0.8333348035812378,-0.018056882545351982
Punta rock,-0.8168429732322693,-0.10038725286722183
Hispanic rhythmic,-0.7443563938140869,-0.06609774380922318
Liturgical music,-0.7108095288276672,-0.06454306840896606
Contemporary classical music,0.05853544920682907,-0.8516799211502075
Soul blues,0.023455820977687836,-0.8967788815498352
West Coast blues,-0.039320215582847595,-0.848835289478302
Furniture music,0.04037407413125038,-0.8734894394874573
Reductionism (music),-0.006122400052845478,-0.7441652417182922
Onkyokei,0.052424654364585876,-0.8659365177154541
Psydub,0.04180783033370972,-0.8636807203292847
Sambass,-0.0012631851714104414,-0.7370178699493408
Live electronic music,-0.002206374192610383,-0.856809675693512
Soundscape,-0.03160795196890831,-0.8398835062980652
Music festival,-0.0019852700643241405,-0.8667356967926025
Shangaan electro,0.03523082658648491,-0.8565105199813843
Nortec,-0.0025745276361703873,-0.8980592489242554
J-core,0.0005945449229329824,-0.7636370658874512
Hauntology (music),0.049410395324230194,-0.8369817733764648
Dreampunk,-0.018543416634202003,-0.8857327699661255
Future funk,0.052146367728710175,-0.8248130679130554
post-industrial,-0.007401172071695328,-0.800962507724762
Sampledelia,-0.02747401036322117,-0.8174465298652649
Tecno brega,0.0040129111148417,-0.8770642876625061
Suomisaundi,-0.011804812587797642,-0.8920620679855347
Breakstep,-0.00914493203163147,-0.8373035788536072
Nueva canción,0.03254210203886032,-0.88946133852005
Classic hip hop,0.007234837394207716,-0.849348783493042
Hip hop soul,0.013362218625843525,-0.7173053026199341
Chap hop,0.01680564694106579,-0.7765422463417053
British dance band,0.013112233020365238,-0.8798266649246216
Third stream,0.02737591229379177,-0.7511952519416809
Adult hits,0.0443292111158371,-0.8835245966911316
Bubblegum pop,0.003813354065641761,-0.8912460207939148
Chamber pop,-0.03432778641581535,-0.8613424301147461
Fado,0.0240397397428751,-0.8366988897323608
Twee pop,-0.009179784916341305,-0.8752871751785278
Pop punk,0.016383346170186996,-0.8426646590232849
Emo pop,-0.014080575667321682,-0.7832708954811096
Yé-yé,-0.007616784889250994,-0.7708761692047119
Alternative R&B,-0.03248616307973862,-0.875013530254364
Quiet storm,0.011750889010727406,-0.7460076212882996
Nederbeat,0.058819808065891266,-0.8321719765663147
Boogie rock,0.05938958749175072,-0.8600226640701294
Classic rock,-0.01179515477269888,-0.8277427554130554
Comedy rock,0.002734311856329441,-0.7756580114364624
Geek rock,0.029771920293569565,-0.8693201541900635
Mangue bit,-0.02495577000081539,-0.867141604423523
Rock in Opposition,-0.027798110619187355,-0.8825051784515381
Pub rock (Australia),-0.01582050509750843,-0.8110396862030029
Tropical rock,0.060438863933086395,-0.8430927991867065
Viking rock,0.005828341469168663,-0.7211238741874695
Blackened death metal,-0.024012070149183273,-0.8307360410690308
Unblack metal,0.008677275851368904,-0.7287870049476624
New wave of American heavy metal,-0.018761536106467247,-0.842505156993866
Pop metal,-0.04365125671029091,-0.8561334609985352
Afro-punk,0.014605405740439892,-0.765300989151001
Cyberpunk,0.02919362485408783,-0.8169202208518982
Electrogrind,0.01577305980026722,-0.85676509141922
Street punk,0.030475707724690437,-0.825912356376648
Coupé-Décalé,-0.019040852785110474,-0.8765623569488525
Igbo highlife,0.016587771475315094,-0.8095963001251221
Maloya,0.01613052748143673,-0.8880388140678406
Music of Egypt,0.019086085259914398,-0.7488251328468323
Sakara music,0.03257056698203087,-0.7814738154411316
Semba,0.019893523305654526,-0.869979977607727
Taiwanese hip hop,0.006326602306216955,-0.8356475234031677
Japanese jazz,-0.012749580666422844,-0.8523513078689575
Kayōkyoku,0.010138275101780891,-0.7916685938835144
Indo pop,0.03463339805603027,-0.8818800449371338
Luk thung,0.02908196672797203,-0.790503740310669
Mor lam,-0.03632011637091637,-0.8309153914451599
Khaliji (music),0.009307446889579296,-0.8647278547286987
Persian traditional music,-0.004343217238783836,-0.8835561871528625
Sawt (music),-0.004360332619398832,-0.7232681512832642
Australian folk music,-0.01445334404706955,-0.742965817451477
Māori music,-0.023875759914517403,-0.8564672470092773
Balkan brass,-0.01618962548673153,-0.766756534576416
Music of Bulgaria,0.013084114529192448,-0.8239582180976868
Music of Slovenia,0.027490483596920967,-0.7631159424781799
Music of Switzerland,0.03218371793627739,-0.8467546701431274
Music of Ukraine,0.0480249859392643,-0.8545019030570984
Choro,0.042574845254421234,-0.8233552575111389
Música sertaneja,-0.028386319056153297,-0.8479599952697754
Bouyon music,0.0027835285291075706,-0.7483105659484863
Compas,0.04090462997555733,-0.8063457012176514
Punta,0.04557078704237938,-0.8456084728240967
Soleá,0.037411343306303024,-0.8373598456382751
Porro,0.02489856444299221,-0.854569137096405
Vallenato,-0.03964001685380936,-0.8690648674964905
Music of Greenland,-0.014128722250461578,-0.8637939691543579
Contemporary worship music,0.02445344254374504,-0.8825851678848267
cha-cha-cha (music),-0.0019713740330189466,-0.8433537483215332
Incidental music,6.88384025124833e-05,-0.8182945251464844
filmi,0.05146421864628792,-0.875769853591919
Multi-instrumentalist,-0.02247854508459568,-0.7746016383171082
Arabesque music,-0.04308760166168213,-0.8402525186538696
Reggae genres,0.01153493020683527,-0.8972090482711792
Andalusian classical music,0.14066345989704132,0.8168687224388123
Ars subtilior,0.04530869796872139,0.8179184794425964
African blues,0.07834140956401825,0.8199789524078369
Canadian blues,0.06630511581897736,0.8675143718719482
Honky Tonk Blues,0.08578565716743469,0.7957356572151184
Talking blues,0.10023986548185349,0.814408004283905
Truck-driving country,0.10196385532617569,0.750538170337677
Adult standards,0.1279996633529663,0.8492276668548584
Kawaii future bass,0.0715910941362381,0.7789045572280884
Acid breaks,0.06992558389902115,0.82984459400177
Psybient,0.09866129606962204,0.8525902628898621
Hardstep,0.09222117811441422,0.8260675072669983
Jump-up (drum and bass),0.08331348747015,0.8734167218208313
Dub poetry,0.11317846924066544,0.7605588436126709
Acousmatic music,0.08528976142406464,0.7017766833305359
Synth-metal,0.14365331828594208,0.827660858631134
Synth-punk,0.08160156011581421,0.7521491646766663
Kosmische musik,0.06969965994358063,0.815057098865509
Proibidão,0.12801380455493927,0.8152427673339844
Rabòday,0.11879473179578781,0.8216748833656311
Rara tech,0.14555327594280243,0.8522350788116455
Russ music,0.10495103150606155,0.7270199060440063
Shamstep,0.12951944768428802,0.7923746705055237
Brazilian bass,0.10348895192146301,0.8268977999687195
Chicago hard house,0.07191924005746841,0.8014089465141296
Fidget house,0.06793257594108582,0.8558348417282104
Moombahcore,0.07638368010520935,0.8584852814674377
Post-industrial music,0.06699726730585098,0.7366594076156616
Dark electro,0.052417971193790436,0.8215508460998535
Harsh noise wall,0.12236683070659637,0.8557494282722473
Death industrial,0.1464105099439621,0.8082312941551208
Toytown techno,0.09496786445379257,0.8707892894744873
Eurotrance,0.08197285979986191,0.7253740429878235
Reggaestep,0.11574104428291321,0.8096024990081787
Tarantella,0.09344665706157684,0.7395673990249634
Road rap,0.12377742677927017,0.8036962151527405
Chopper,0.10077853500843048,0.8022468090057373
Freestyle rap,0.04939340054988861,0.8485938906669617
Jewish hip hop,0.1521364003419876,0.8297072052955627
Tread rap,0.09199356287717819,0.8788051605224609
Cape jazz,0.12446945160627365,0.8310912251472473
Crossover jazz,0.08806703239679337,0.8578686714172363
European free jazz,0.08200322091579437,0.8117272257804871
M-Base,0.11350195109844208,0.8509860038757324
Neo-bop jazz,0.08085525035858154,0.7344332933425903
Samba-jazz,0.10952700674533844,0.8163097500801086
Ska jazz,0.09500454366207123,0.8367447257041931
Canzone,0.13028961420059204,0.8409705758094788
Laïkó,0.06091173365712166,0.7507227063179016
Traditional pop music,0.10454203933477402,0.8790251612663269
Turkish pop music,0.0740567222237587,0.7469806671142578
Cinematic soul,0.06155828759074211,0.7837324142456055
Adult-oriented rock,0.08095413446426392,0.8446205258369446
Soft grunge,0.11703938990831375,0.7477335333824158
Sadcore,0.0986926406621933,0.8620451092720032
Death 'n' roll,0.09900393337011337,0.7712792754173279
Flamenco rock,0.054435789585113525,0.8127820491790771
Zeuhl,0.09416075050830841,0.7608399987220764
Surf rock,0.141248881816864,0.8449312448501587
Math metal,0.0671892836689949,0.8473102450370789
Crabcore,0.08193632960319519,0.7734012007713318
Positive hardcore,0.10238435864448547,0.7368825674057007
Easycore,0.0877731591463089,0.7195566296577454
Trallpunk,0.13817206025123596,0.8352391719818115
African heavy metal,0.13392353057861328,0.8628133535385132
Bikutsi,0.049365099519491196,0.8400222063064575
Boomba music,0.05819505825638771,0.8604546785354614
Chaabi,0.1403505504131317,0.7999714612960815
Gnawa,0.05708826333284378,0.8526339530944824
Gumbe,0.10659074783325195,0.869666337966919
Igbo rap,0.061795253306627274,0.807500422000885
Jit,0.09590639919042587,0.7233078479766846
Kwela,0.060545120388269424,0.8396300077438354
Lingala,0.11059747636318207,0.83388352394104
Palm-wine music,0.13649415969848633,0.8547528386116028
Kwassa kwassa,0.06854209303855896,0.7535907626152039
Taarab,0.14946810901165009,0.839455783367157
Zouglou,0.08241386711597443,0.864951491355896
Baila,0.07360558956861496,0.8398140668869019
Malaysian hip hop,0.06289589405059814,0.8223172426223755
Fijiri,0.1339084357023239,0.8061509132385254
Gypsy music,0.07229339331388474,0.7281439900398254
Music of Polynesia,0.11823202669620514,0.8407206535339355
Maracatu,0.11731841415166855,0.7936046719551086
Chutney parang,0.11975278705358505,0.8660266399383545
Mozambique (music),0.08226913958787918,0.8292872905731201
Rasin,0.15060469508171082,0.8175500631332397
Two-tone,0.07949037849903107,0.6672942638397217
Bulerías,0.10504978895187378,0.8455255627632141
Tango (flamenco),0.07395148277282715,0.8723886609077454
Rock en Español,0.12752357125282288,0.8698919415473938
Salsa romántica,0.11574065685272217,0.8743968605995178
Music of Alaska,0.08990631997585297,0.8465739488601685
Indigenous music of Canada,0.05626143142580986,0.8310601115226746
Novelty piano,0.13292403519153595,0.8235901594161987
Drug use in music,0.11018745601177216,0.742672324180603
Play (theatre),0.08773026615381241,0.7455098628997803
Show tune,0.10534059256315231,0.7916406393051147
Percussion,0.09127821773290634,0.8117523789405823
Guitarist,0.04528868943452835,0.8322482705116272
oral tradition,0.1103699803352356,0.8606033325195312
Ars antiqua,0.49450644850730896,0.7382601499557495
Ars nova,0.4270029366016388,0.7150153517723083
Galant music,0.47856903076171875,0.6331607699394226
Noise (music),0.42238378524780273,0.6822198033332825
Classic female blues,0.40352779626846313,0.5946498513221741
Desert blues,0.522091269493103,0.6756596565246582
Gospel blues,0.519791305065155,0.666200578212738
St. Louis blues (music),0.4956183135509491,0.6654729247093201
Andean new age music,0.44541025161743164,0.7199664115905762
Hardwave,0.46866127848625183,0.7243767976760864
Philly club,0.47861018776893616,0.6823586225509644
Electro-disco,0.4263286292552948,0.6222959160804749
Drumfunk,0.42003387212753296,0.6684461832046509
Drumstep,0.42157700657844543,0.637286365032196
Intelligent drum and bass,0.4551887512207031,0.7207608819007874
Jump-up,0.48038020730018616,0.7261607050895691
Soundscape#In music,0.5092430710792542,0.6672948002815247
New romantic,0.4446769654750824,0.6584277749061584
Asian underground,0.4091859757900238,0.6413968801498413
Tribal guarachero,0.439762145280838,0.7294178605079651
Flashcore,0.43341749906539917,0.7220551371574402
Dubstyle,0.5102230310440063,0.7273814082145691
Ballroom,0.44815221428871155,0.7336321473121643
Blog house,0.5223785042762756,0.6966171264648438
Soulful house,0.4744105339050293,0.7364075779914856
Pumping house,0.4383540153503418,0.6766831874847412
Aggrotech,0.41102135181427,0.6320870518684387
Harsh noise,0.4143942594528198,0.6076526045799255
Birmingham sound,0.49776074290275574,0.644717276096344
Schaffel,0.46182164549827576,0.6349254846572876
Filk music,0.42484337091445923,0.6572591066360474
Industrial folk music,0.4835498631000519,0.7362175583839417
Beatboxing,0.47798240184783936,0.7170495986938477
Continental jazz,0.4400349259376526,0.6679307818412781
Orchestral jazz,0.5121122598648071,0.708490788936615
Stride jazz,0.48605215549468994,0.6731361150741577
Ambient pop,0.4674713909626007,0.7056426405906677
Bedroom pop,0.45078766345977783,0.6926352977752686
Canción,0.4391684830188751,0.7115542888641357
Cringe pop,0.4800858795642853,0.7064350247383118
Austropop,0.4146594703197479,0.6225330829620361
Folk pop,0.4715128540992737,0.6948914527893066
Korean rock,0.4662972092628479,0.7368072867393494
Go-go,0.4893972873687744,0.715179979801178
Classic soul,0.436723530292511,0.642624020576477
Afro rock,0.5124497413635254,0.6769537329673767
Slacker rock,0.37952128052711487,0.5634588599205017
Deathrock,0.4818611443042755,0.6929339170455933
Desert rock,0.40536874532699585,0.5850170850753784
Neo-progressive rock,0.4537251591682434,0.6486389636993408
Freak scene,0.45370906591415405,0.707153856754303
Nagoya kei,0.4999214708805084,0.6735571026802063
Garage punk,0.48937344551086426,0.6497408151626587
Noisegrind,0.4799416959285736,0.6516811847686768
Krishnacore,0.5040598511695862,0.7039992213249207
Surf punk (music genre),0.4364164173603058,0.6176299452781677
Ma'luf,0.4563523232936859,0.621451735496521
Sega music,0.3904241919517517,0.5681405663490295
Zamrock,0.46401768922805786,0.7149307727813721
Chinese folk music,0.43083351850509644,0.6822502017021179
Hong Kong hip hop,0.47059834003448486,0.6275827884674072
Korean folk music,0.38392865657806396,0.5569151639938354
Baul,0.44990378618240356,0.6340703964233398
Music of Sri Lanka,0.5009392499923706,0.7288559675216675
Malaysian pop,0.44532057642936707,0.6122611165046692
Malaysian rock,0.5206063985824585,0.7071734070777893
String (Thai pop),0.523472249507904,0.6857604384422302
Indigenous music of Australia,0.5110394358634949,0.7180095314979553
Balkan folk music,0.46637046337127686,0.6820513606071472
Music of Montenegro,0.49098867177963257,0.7025336623191833
Music of Iceland,0.4175523519515991,0.6893892288208008
Music of the Faroe Islands,0.4937475621700287,0.6919074654579163
Music of Andorra,0.45751336216926575,0.739427387714386
Music of Luxembourg,0.4449008107185364,0.7028270959854126
Music of Monaco,0.45346373319625854,0.6747748255729675
Frevo,0.4919976592063904,0.7254807949066162
Tropicalia,0.4606272578239441,0.6623672842979431
Bullerengue,0.5149643421173096,0.69207763671875
Cantes de ida y vuelta,0.4580410420894623,0.7292010188102722
Fandangos,0.49867919087409973,0.7124560475349426
Alegrías,0.460611492395401,0.6951366066932678
Peteneras,0.5027132034301758,0.6561709642410278
Tonás,0.5051098465919495,0.6941463351249695
Banda (music),0.47422727942466736,0.6648679375648499
Cakewalk,0.4345856010913849,0.6352160573005676
Stride piano,0.42920589447021484,0.7061914801597595
Buddhist music,0.46918269991874695,0.6490583419799805
Pastorale,0.42801254987716675,0.6067680716514587
Son mexicano,0.5132028460502625,0.6574264168739319
Children's music,0.5056100487709045,0.6838939189910889
play,0.4921916127204895,0.6820052266120911
indigenous music,0.43516212701797485,0.6967755556106567
Korean court music,-0.5207974314689636,0.42542266845703125
Persian classical music,-0.6138015985488892,0.40194612741470337
Tavernwave,-0.569678008556366,0.46650364995002747
Blues shouter,-0.6252811551094055,0.4348030984401703
Hokum blues,-0.6159788966178894,0.4223497211933136
Kansas City blues,-0.5296773314476013,0.36069223284721375
Progressive bluegrass,-0.5746736526489258,0.38555416464805603
Close harmony,-0.5275829434394836,0.43210315704345703
Instrumental country,-0.557699978351593,0.4499347507953644
Hellbilly music,-0.5883737802505493,0.4498109817504883
Traditional country music,-0.609426736831665,0.41621869802474976
Barococo,-0.5149556994438171,0.41702181100845337
Andean new-age,-0.5207333564758301,0.38319864869117737
Jungle terror,-0.6141974925994873,0.39258548617362976
Progressive breaks,-0.5171895027160645,0.39899876713752747
Psychedelic breakbeat,-0.6059388518333435,0.437936931848526
Trip rock,-0.5903140902519226,0.42769375443458557
Spacesynth,-0.5715205073356628,0.35219934582710266
Live electronics,-0.5150253176689148,0.4083651304244995
Nu-gaze,-0.581084668636322,0.35473430156707764
Jazztronica,-0.5855932235717773,0.4073888957500458
Laptronica,-0.6207420229911804,0.4576054811477661
Progressive electronic,-0.5396795272827148,0.4466765224933624
Funktronica,-0.5555097460746765,0.3495657742023468
Synth-funk,-0.5945407152175903,0.3649239242076874
Ragga jungle,-0.59991854429245,0.36015811562538147
Extratone,-0.5646958947181702,0.458453506231308
Splittercore,-0.5265983939170837,0.3992351293563843
Darksynth,-0.5392816066741943,0.3578698933124542
Afro trap,-0.5533869862556458,0.4329385757446289
UK trap,-0.6203622817993164,0.4487341046333313
Bass house (genre),-0.632908046245575,0.4061669409275055
Slap house,-0.5573318004608154,0.3688773810863495
Melbourne bounce,-0.5232149362564087,0.40834683179855347
Jazz house,-0.6111128330230713,0.37878960371017456
Melodic house,-0.5275545716285706,0.39139679074287415
Electronic body music (EBM),-0.5517488121986389,0.38539549708366394
Cyber metal,-0.6192140579223633,0.3773035407066345
Intelligent dance music (IDM),-0.6252819895744324,0.384807288646698
Hardtechno,-0.5471417307853699,0.4526284337043762
Wonky (music),-0.5911999344825745,0.460035502910614
Progressive folk music,-0.5440428256988525,0.364380419254303
Sung poetry,-0.6252427101135254,0.416279137134552
Tread,-0.5758664011955261,0.3640799820423126
Jazz blues,-0.516215980052948,0.3582794666290283
Mainstream jazz,-0.5384107828140259,0.3962126076221466
Neo-swing,-0.6106637120246887,0.3684374690055847
Progressive jazz,-0.6255513429641724,0.42529356479644775
Jazz pop,-0.5994964838027954,0.4490811824798584
T'ong guitar,-0.6025462746620178,0.4281872510910034
Neon pop,-0.5619940757751465,0.4011901021003723
New prog,-0.5123488903045654,0.3886130154132843
Post-Progressive,-0.6163767576217651,0.441655695438385
Progressive rock (radio format),-0.5512925982475281,0.44269853830337524
Symphonic Rock,-0.5797861218452454,0.4157133996486664
Depressive suicidal black metal,-0.5957616567611694,0.38963985443115234
Stoner-doom,-0.5660416483879089,0.4461199939250946
Gothic punk,-0.6127741932868958,0.4308668076992035
Punkabilly,-0.6281214356422424,0.4425572454929352
Surf punk,-0.5322946310043335,0.38393786549568176
Afro pop,-0.5764099955558777,0.3753880560398102
Bongo flava,-0.5889990925788879,0.4396408796310425
Kadongo Kamu,-0.5391129851341248,0.37111198902130127
Seggae,-0.5297268033027649,0.3748766779899597
Nunatak (band),-0.5254570841789246,0.41680365800857544
Shashmaqam,-0.5871255397796631,0.3653532862663269
Music of Tajikistan#Tajik folk music,-0.5573831796646118,0.4618268311023712
Tajik folk music,-0.6333009600639343,0.4166307747364044
Music of China#Folk music,-0.5980556607246399,0.3805268704891205
Taiwanese rock,-0.5952668190002441,0.40356501936912537
Hindustani Classical Music,-0.5910182595252991,0.4677116572856903
Hindustani classical,-0.5442050695419312,0.4077417254447937
Lavani,-0.5829953551292419,0.38215816020965576
Morlam,-0.5768590569496155,0.4458300471305847
Sri Lankan,-0.6248435378074646,0.40562722086906433
Sundanese pop,-0.6014218926429749,0.4160037338733673
Luk krung,-0.5420138835906982,0.3880934417247772
Fann at-Tanbura,-0.5794064402580261,0.4363988935947418
Kapa haka,-0.5793648958206177,0.4660651385784149
Music of Samoa,-0.6033629179000854,0.3981746733188629
Olympic Hymn,-0.5496059060096741,0.4596703350543976
Music of Estonia,-0.5351806879043579,0.4364522397518158
Viennese waltz,-0.5544853210449219,0.3594585359096527
Music of Liechtenstein,-0.6078100204467773,0.46167728304862976
Music of Slovakia,-0.5402714610099792,0.4177698791027069
Danish traditional music,-0.6154876351356506,0.4097740352153778
Ålänningens sång,-0.6075649857521057,0.3872985243797302
Music of Belarus,-0.5785321593284607,0.42597436904907227
Music of Buryatia,-0.6101629734039307,0.45196282863616943
Russian folk music,-0.5131015181541443,0.37522420287132263
Music of Malta,-0.6344836950302124,0.43118345737457275
Tecnobrega,-0.5892419815063477,0.3971317410469055
Baithak Gana,-0.5676103830337524,0.41416457295417786
Pichakaree,-0.5917167663574219,0.4171140491962433
Lovers rock,-0.6219529509544373,0.3920689821243286
Toná,-0.5205508470535278,0.3679332435131073
Martinetes,-0.5726798176765442,0.45577841997146606
Latin Christian music,-0.5811091661453247,0.4563642144203186
Criolla,-0.5888093113899231,0.374536395072937
Música popular (Colombia),-0.6026371121406555,0.3721104562282562
Classic rag,-0.5634852051734924,0.38761791586875916
Folk ragtime,-0.5447906255722046,0.4357529282569885
Stomp (jazz),-0.552201509475708,0.3751615881919861
Stomp,-0.539267897605896,0.42644357681274414
Christian Rock,-0.5641618371009827,0.3557531535625458
Easy Listening,-0.5669893622398376,0.4369228482246399
Country Gospel,-0.5548754930496216,0.4184105694293976
Shamanic music,-0.5585447549819946,0.42631998658180237
American patriotic music,-0.5681719779968262,0.42517876625061035
Huayno,-0.5419185161590576,0.37838658690452576
Música criolla,-0.5322362184524536,0.44551882147789
cha cha cha,-0.5482078194618225,0.35513222217559814
musicals,-0.6300315260887146,0.3965122103691101
showtunes,-0.5731483697891235,0.3939472734928131
Pianist,-0.572085976600647,0.40337899327278137
Keyboardist,-0.597985565662384,0.43989723920822144
One-man band,-0.5535372495651245,0.4050554931163788
military music,-0.5994576215744019,0.45882660150527954
Virtuoso,-0.5655832886695862,0.3664705753326416
Genealogy of musical genres,-0.5324854254722595,0.40602773427963257
20th,-0.5481386184692383,-0.5840729475021362
21st,-0.4883030652999878,-0.5202063918113708
High modernism,-0.5567402243614197,-0.6404157280921936
Reactionary bluegrass,-0.485128253698349,-0.4978429079055786
Honky-tonk country,-0.5545397400856018,-0.5727369785308838
Western (Cowboy),-0.5188697576522827,-0.6217926740646362
Ambient industrial,-0.5914290547370911,-0.5868327617645264
Hardcore breaks,-0.6112092137336731,-0.5953466892242432
Atmospheric drum and bass,-0.5509201884269714,-0.6134609580039978
Jazzstep,-0.5373956561088562,-0.5512572526931763
New Romantic#Styles of music,-0.5980061888694763,-0.5958845615386963
Livetronica,-0.485761821269989,-0.5096074938774109
Melodic funk,-0.5208936929702759,-0.5465943217277527
Industrial hardcore,-0.5147184133529663,-0.6113443970680237
Disco house,-0.5708043575286865,-0.5902009606361389
Moombahsoul,-0.6061021685600281,-0.5744764804840088
Mid-tempo,-0.5286409854888916,-0.5943933129310608
Neurostep,-0.517953097820282,-0.5793885588645935
Colour bass,-0.5889014601707458,-0.6154589653015137
American folk revival,-0.6033705472946167,-0.5859583020210266
Folk noir,-0.5750463008880615,-0.5754150748252869
Pizzica,-0.5651700496673584,-0.5722862482070923
Traditional blues verses,-0.564495861530304,-0.6309283971786499
Alt-jazz,-0.5250897407531738,-0.5636609196662903
Brazilian Jazz,-0.5818290114402771,-0.5891203284263611
Jazz noir,-0.527428388595581,-0.6308829188346863
M-base,-0.5857545733451843,-0.6252670288085938
Brill building,-0.5891550779342651,-0.6050253510475159
Classical crossover,-0.4954488277435303,-0.4965907037258148
Dark pop,-0.5254340767860413,-0.6124984622001648
Neomelodic music,-0.4746597707271576,-0.49183136224746704
Iranian pop,-0.593701183795929,-0.6305570602416992
Surf pop,-0.5733292102813721,-0.6235853433609009
Pop soul,-0.590481162071228,-0.5472760796546936
Minneapolis Sound,-0.5534774661064148,-0.5966401696205139
Album oriented rock,-0.5239092111587524,-0.5193471312522888
Arabic rock,-0.4959857165813446,-0.548600971698761
World fusion,-0.5048083066940308,-0.49687325954437256
Atmospheric black metal,-0.5350179672241211,-0.6106166243553162
Melodic black metal,-0.5995762348175049,-0.55584317445755
Anarcho punk,-0.5199165940284729,-0.6015599370002747
Avant punk,-0.5318719744682312,-0.6223627924919128
Synth punk,-0.6127929091453552,-0.5822803378105164
Crustgrind,-0.5424953699111938,-0.6218022108078003
Bubu music,-0.560356855392456,-0.6161620020866394
Chaoui music,-0.5384035110473633,-0.6351890563964844
Pashto music,-0.5610979199409485,-0.5879234075546265
Music of Kazakhstan#Traditional music,-0.6019386649131775,-0.6196674704551697
Kazakh folk music,-0.5409111380577087,-0.5960580110549927
Music of Kyrgyzstan#Traditional music,-0.5756644010543823,-0.5644320249557495
Kyrgyz folk music,-0.5234392881393433,-0.5313354134559631
Music of Mongolia#Traditional music,-0.5688936710357666,-0.6398483514785767
Mongolian folk music,-0.6068335175514221,-0.5643871426582336
Bhawaiya,-0.566485583782196,-0.5379207730293274
Dohori,-0.5653522610664368,-0.6054224371910095
Indian jazz,-0.5086302757263184,-0.5549308061599731
Kuthu,-0.5773430466651917,-0.6323528289794922
Ragini,-0.5918712019920349,-0.5770115852355957
Keroncong,-0.5362313985824585,-0.5307838916778564
Thai string pop,-0.5953499674797058,-0.5666089653968811
Original Pilipino,-0.5782663822174072,-0.6013748049736023
L-pop,-0.48435938358306885,-0.48588261008262634
Lithuanian folk music,-0.5989858508110046,-0.6076558232307434
Music of Latvia,-0.5438661575317383,-0.5160735845565796
Music of the Czech Republic,-0.6084703803062439,-0.6058610081672668
Otyken,-0.5511443614959717,-0.5466904044151306
Music of france,-0.5438455939292908,-0.6054630279541016
Music of italy,-0.5029070973396301,-0.5371903777122498
Axé music,-0.5058272480964661,-0.5797579884529114
Rake & Scrape,-0.4998164176940918,-0.5645850300788879
Power soca,-0.5748898386955261,-0.6127104759216309
:es:Chicha (música),-0.5535117983818054,-0.6291385293006897
Chicha,-0.513205349445343,-0.5355875492095947
Canadian folk music,-0.5004132390022278,-0.5198844075202942
Honky-tonk piano,-0.5344104766845703,-0.518437922000885
Worship,-0.5125118494033813,-0.5142858028411865
Jesus Music,-0.567521333694458,-0.5547471642494202
Slow dance,-0.5467785596847534,-0.6389297842979431
Bedroom production,-0.582010805606842,-0.5525134801864624
Drummer,-0.5862979292869568,-0.5622522234916687
nursery rhyme,-0.5527898669242859,-0.5292742252349854
"Frith, Simon",-0.5361267328262329,-0.5778244733810425
Industrial music,0.050194237381219864,-0.7755807638168335
Eurodance,0.2724332809448242,-0.9746366739273071
J-pop,0.2520154118537903,-0.9474356174468994
Progressive rock,0.4132898151874542,-0.8570770025253296
Drum and bass,-1.0,0.11195984482765198
Funk,-0.816612720489502,0.2950311005115509
Trap music,-0.9441295266151428,0.25553950667381287
Britpop,-0.944521427154541,0.20492762327194214
Southern rock,-0.8502762913703918,-0.08094803243875504
Techno,-0.3359663486480713,-0.9069385528564453
UK garage,-0.29801082611083984,-0.8555099964141846
List of country genres,0.08596693724393845,-0.8714235424995422
Hardcore (electronic dance music genre),0.874778687953949,0.20363754034042358
Vaporwave,0.44455379247665405,0.11229334771633148
Electro (music),0.6848053336143494,0.3276461660861969
Chicago house,0.6531525254249573,0.3025129437446594
Swing music,0.5030385255813599,0.21400178968906403
Psychedelic rock,0.6065469980239868,0.23518453538417816
Music of Germany,0.5751796960830688,0.23901601135730743
Experimental music,-0.2451578825712204,-0.8626921772956848
Tejano music,-0.41526493430137634,-0.8125124573707581
Italo disco,-0.4266526401042938,-0.6449575424194336
Electropop,-0.2158316969871521,-0.61210036277771
Eurovision Song Contest,-0.37006375193595886,-0.7939706444740295
Underground music,-0.15269659459590912,0.9309518933296204
Intelligent dance music,-0.09727372974157333,0.372320294380188
Salsa music,-0.030905863270163536,0.8781912922859192
List of hardcore punk subgenres,-0.1716075986623764,0.969103991985321
Psychedelic music,-0.2741410434246063,-0.8907260894775391
Bluegrass music,-0.44676274061203003,-0.927362859249115
Dub music,-0.45618152618408203,-0.8342642784118652
K-pop,-0.2383807897567749,-0.7676452398300171
Indie rock,-0.46031051874160767,-0.7942646741867065
Garage rock,-0.4182583689689636,-0.932589590549469
Indian classical music,0.6058766841888428,-0.020485348999500275
Americana (music),0.7861191630363464,-0.021924657747149467
Rockabilly,0.9697201251983643,-0.03877480700612068
Ethnic electronica,0.6363212466239929,-0.018449587747454643
Acid house,0.9667375683784485,-0.07698773592710495
Electro house,0.9949318170547485,-0.07101365178823471
Psychedelic trance,0.7522900700569153,-0.08405627310276031
Brazilian rock,0.8493858575820923,-0.10341575741767883
Post-punk,0.957252562046051,-0.09853100776672363
Gothic rock,0.9859071969985962,-0.09490814805030823
Latin rock,0.8560879826545715,-0.09278964251279831
Heavy metal genres,0.9818935990333557,-0.054362520575523376
Alternative dance,0.35561907291412354,-0.39400121569633484
Hyperpop,0.5606918931007385,-0.7299920320510864
Southern hip hop,0.3469289243221283,-0.76465904712677
Jazz fusion,0.4351538419723511,-0.5531981587409973
Latin pop,0.5677019953727722,-0.7560151219367981
Beat music,0.559807538986206,-0.775122880935669
Calypso music,0.30651259422302246,-0.5140453577041626
Punk rock subgenres,0.36955419182777405,-0.8122267127037048
Grime music,-0.1208702027797699,0.3205051124095917
Folk rock,-0.10365162044763565,0.6490862965583801
Reggae,-0.20692184567451477,0.540885329246521
List of trance genres,-0.13351120054721832,0.6965489983558655
Lo-fi music,0.4538811147212982,-0.5649363398551941
Footwork (genre),0.3569369912147522,-0.39621371030807495
Krautrock,0.5029093027114868,-0.5577771663665771
Jungle music,0.48341935873031616,-0.558733344078064
Electronic body music,0.3661397695541382,-0.4501228928565979
Noise music,0.4793625771999359,-0.5273376107215881
Dubstep,0.41529473662376404,-0.5241783261299133
Gospel music,0.43712666630744934,-0.5197424292564392
British rock music,0.34496891498565674,-0.4231047034263611
Hard rock,0.45073437690734863,-0.5053250789642334
Music of Greece,0.46674004197120667,-0.5440364480018616
Christian music,0.4201472997665405,-0.550260066986084
List of music styles that incorporate the accordion,0.3526799976825714,-0.40958449244499207
Category:Popular music,0.501872181892395,-0.5817790627479553
*,0.4786236882209778,-0.5808611512184143
Baroque music,0.612313449382782,0.6110129952430725
Synth-pop,0.2931307256221771,0.18736664950847626
Alternative hip hop,0.42511406540870667,0.7659440040588379
Arabic music,0.6673128604888916,0.6527848839759827
Afrobeats,0.5919555425643921,0.508490800857544
Miami bass,0.3591805398464203,0.3767610788345337
Celtic music,0.5197324752807617,0.44440758228302
Europop,0.35559141635894775,0.23252089321613312
Soca music,0.5683603286743164,0.4858650267124176
Styles of pop music,0.5446556210517883,0.4661514461040497
Bardcore,0.34670552611351013,-0.642521858215332
Outsider music,0.3557567000389099,-0.6612465977668762
PC Music,0.4261345863342285,-0.7664964199066162
Doo-wop,0.38983961939811707,-0.7277183532714844
Swamp blues,0.459093302488327,-0.7751326560974121
Light music,0.44844672083854675,-0.7856419682502747
Lowercase (music),0.39299720525741577,-0.8035461902618408
Baggy,0.3871844410896301,-0.7152395248413086
Minimal wave,0.364915132522583,-0.711205780506134
Merenhouse,0.3758934736251831,-0.7111367583274841
Mákina,0.4321216940879822,-0.8033174872398376
Hipster hop,0.3816494941711426,-0.7741116881370544
Lofi hip hop,0.45299863815307617,-0.7659364938735962
Amapiano,0.4328159987926483,-0.7371087670326233
Latin house,0.4399415850639343,-0.7587933540344238
New Jersey sound,0.43144091963768005,-0.7206286787986755
Power electronics (music),0.3491967022418976,-0.6673781871795654
Ambient techno,0.42634281516075134,-0.7454071640968323
Acid trance,0.37986958026885986,-0.6878772377967834
Nitzhonot,0.3628386855125427,-0.6385118961334229
Riddim,0.3824421167373657,-0.7948213219642639
Speed garage,0.3709544837474823,-0.7712211608886719
Anti-folk,0.45961621403694153,-0.785670816898346
Hyphy,0.3989638090133667,-0.678969144821167
Progressive rap,0.38856709003448486,-0.7514965534210205
Brooklyn drill,0.4046621024608612,-0.8075512647628784
Afro-Cuban jazz,0.38799548149108887,-0.7832413911819458
Boogie-woogie,0.41609200835227966,-0.7145512700080872
Jazz-funk,0.39828190207481384,-0.7718239426612854
Kansas City jazz,0.43796268105506897,-0.7675424218177795
Post-bop,0.387399822473526,-0.6776246428489685
West Coast jazz,0.4666430652141571,-0.7600677013397217
Adult contemporary,0.43051886558532715,-0.7074081301689148
Brill Building (genre),0.389955073595047,-0.7041639685630798
Chanson,0.4342542290687561,-0.7887876033782959
Oldies,0.38377469778060913,-0.7622917294502258
Pinoy pop,0.3934098780155182,-0.7933913469314575
Rebetiko,0.4400447607040405,-0.7984576225280762
Blue-eyed soul,0.40992963314056396,-0.771547794342041
Psychedelic soul,0.46614769101142883,-0.7689371109008789
Blackgaze,0.45411038398742676,-0.7425814867019653
Proto-punk,0.4067678451538086,-0.7261616587638855
Modern rock,0.40016791224479675,-0.78263920545578
Canterbury scene,0.40080559253692627,-0.7039837837219238
Gothabilly,0.44825324416160583,-0.7937332987785339
Pagan metal,0.35896211862564087,-0.6901441216468811
Deathcore,0.40918466448783875,-0.7527404427528381
Melodic metalcore,0.4435880482196808,-0.7496204972267151
Progressive metalcore,0.4193694293498993,-0.7754814624786377
D-beat,0.4139080047607422,-0.8030814528465271
Gypsy punk,0.45121705532073975,-0.7263572812080383
Melodic hardcore,0.3649531900882721,-0.7373743653297424
Taqwacore,0.4470590353012085,-0.7765886187553406
Arabesque (Turkish music),0.34400084614753723,-0.6225569844245911
Fuji music,0.4444442689418793,-0.7348279356956482
Kizomba,0.37901225686073303,-0.6539062857627869
Makossa,0.41027185320854187,-0.6994678974151611
Mbalax,0.36034515500068665,-0.7218233346939087
Rumba,0.3722798526287079,-0.659755527973175
Asian Underground,0.419330894947052,-0.75288987159729
Music of Kosovo,0.43315908312797546,-0.7776569128036499
Music of North Macedonia,0.3725290596485138,-0.7528597116470337
Music of Croatia,0.423793762922287,-0.8098497986793518
Music of Hungary,0.4550977647304535,-0.7546124458312988
Music of Poland,0.3538244962692261,-0.6358599662780762
Music of Serbia,0.39982110261917114,-0.7505024075508118
Music of Yugoslavia,0.41836121678352356,-0.6930357813835144
Ragga,0.4222606420516968,-0.7963025569915771
Two-tone (music genre),0.4107339680194855,-0.7873749732971191
Latin alternative,0.37592408061027527,-0.7875750064849854
Tango music,0.36867374181747437,-0.6818527579307556
Cumbia,0.4670230448246002,-0.7505351305007935
Stride (music),0.3639041781425476,-0.661194384098053
Modern pagan music,0.4040983021259308,-0.7959778308868408
Internet meme,0.3750217854976654,-0.7295252680778503
Martial music,0.4220757782459259,-0.7856473326683044
sea shanties,0.46359962224960327,-0.7396280765533447
Western classical music,0.7840206027030945,-0.3272725045681
Electroacoustic music,0.7202352285385132,-0.33844661712646484
Musique concrète,0.698753297328949,-0.3501383662223816
Hokum,0.773097574710846,-0.30888959765434265
Punk blues,0.7848476767539978,-0.312663197517395
Australian country music,0.7916516065597534,-0.30196496844291687
Gothic country,0.6711047291755676,-0.2934284508228302
Sertanejo music,0.700560450553894,-0.28431516885757446
Background music,0.799077033996582,-0.3774316608905792
4-beat,0.7714440226554871,-0.3625888228416443
Darkcore,0.7998741269111633,-0.3370007276535034
Broken beat,0.7297894358634949,-0.31194978952407837
Space disco,0.8022887110710144,-0.36600232124328613
Neurofunk,0.6449238657951355,-0.29504063725471497
New wave of new wave,0.7471453547477722,-0.29790931940078735
Hardvapour,0.7197232246398926,-0.2938425838947296
Gqom,0.7002930045127869,-0.3197527229785919
Outsider house,0.730937123298645,-0.3591548204421997
Hard NRG,0.793487012386322,-0.3194907307624817
Power noise,0.7182770371437073,-0.35650426149368286
Industrial techno,0.6685137748718262,-0.3095523715019226
Minimal techno,0.7104189991950989,-0.30061498284339905
Dream trance,0.710536003112793,-0.2794218063354492
Vocal trance,0.7997976541519165,-0.3269350230693817
Brostep,0.765316367149353,-0.344110369682312
New Weird America,0.7768233418464661,-0.38860514760017395
Horrorcore,0.6821246147155762,-0.2962075471878052
Nerdcore,0.6876505613327026,-0.3210117220878601
Conscious hip hop,0.7384684681892395,-0.28669044375419617
Pop rap,0.7152363061904907,-0.31940221786499023
Chamber jazz,0.7470089197158813,-0.3149489760398865
Avant-pop,0.7012739777565002,-0.29495322704315186
Beach music,0.6176340579986572,-0.274200975894928
Classic hits,0.7612027525901794,-0.38110846281051636
Jangle pop,0.6768121123313904,-0.32485222816467285
Sunshine pop,0.6403845548629761,-0.2807738780975342
Post-grunge,0.7765132188796997,-0.2981830835342407
Dunedin sound,0.8119011521339417,-0.3295261263847351
Midwest emo,0.7496315836906433,-0.3853176236152649
Post-progressive,0.7486779093742371,-0.3389853835105896
Reggae rock,0.6547287702560425,-0.2897687256336212
Death-doom,0.8098164200782776,-0.3413224518299103
Scottish Gaelic punk,0.7993131279945374,-0.30832725763320923
Glam punk,0.7683966755867004,-0.3195253312587738
Goregrind,0.782078206539154,-0.3487977385520935
Pornogrind,0.7674440145492554,-0.3315887451171875
Beatdown hardcore,0.7793669104576111,-0.3725194036960602
Horror punk,0.7286260724067688,-0.2887783944606781
Punk pathetique,0.8054606914520264,-0.3556588888168335
Riot grrrl,0.8145347237586975,-0.3525630831718445
Skate punk,0.7709254622459412,-0.3784257471561432
Ndombolo,0.7631566524505615,-0.35465383529663086
Gamelan,0.7597433924674988,-0.36559155583381653
Thai pop music,0.7863096594810486,-0.38268014788627625
V-pop,0.7932982444763184,-0.3439313471317291
Music of Sweden,0.7640302181243896,-0.39093121886253357
Music of Belgium,0.7513366937637329,-0.3687557280063629
Forró,0.8068010210990906,-0.3169816732406616
Cadence-lypso,0.7910043001174927,-0.37009984254837036
Chutney music,0.682403564453125,-0.3381706476211548
Méringue,0.7785815596580505,-0.33726468682289124
Roots reggae,0.7831355333328247,-0.36014196276664734
Boogaloo,0.6938419342041016,-0.33078378438949585
Grupera,0.794468104839325,-0.35556498169898987
Guajira (music),0.7002598643302917,-0.30765676498413086
Tropipop,0.6777676939964294,-0.2816702425479889
Spirituals,0.7434998750686646,-0.37622979283332825
A cappella,0.7347722053527832,-0.33859923481941223
work song,0.6979588866233826,-0.33942151069641113
List of industrial music genres,0.6878349184989929,-0.30825936794281006
Neo-Medieval music,-0.3549583852291107,0.6589418053627014
Instrumental,-0.3080582022666931,0.6208438873291016
Memphis blues,-0.35370829701423645,0.7670018672943115
New Orleans blues,-0.36828798055648804,0.7595803141593933
Country rap,-0.3420301675796509,0.7483493685722351
Christian country music,-0.3289598822593689,0.7454981207847595
Honky-tonk,-0.3269939124584198,0.7709833979606628
Progressive country,-0.3416372835636139,0.766061007976532
Texas country music,-0.29470324516296387,0.6744816303253174
muzak,-0.36434993147850037,0.767354428768158
City pop,-0.3343096375465393,0.6481152772903442
Ethereal wave,-0.32531115412712097,0.6286343932151794
Sophisti-pop,-0.3411284387111664,0.7118814587593079
Folktronica,-0.3184139132499695,0.7497897148132324
Kuduro,-0.3752647340297699,0.718887984752655
Dancehall pop,-0.3393326699733734,0.738684892654419
Frenchcore,-0.33953461050987244,0.6740023493766785
Mainstream hardcore,-0.3225433826446533,0.6826421022415161
UK hardcore,-0.2956109046936035,0.6182074546813965
Hypnagogic pop,-0.3120722770690918,0.6607222557067871
Sovietwave,-0.354817271232605,0.7415405511856079
Seapunk,-0.31814077496528625,0.7383837103843689
Snap music,-0.3638681173324585,0.732510507106781
Latin freestyle,-0.3546763062477112,0.7122804522514343
Trap music (EDM),-0.29231247305870056,0.6305199861526489
Diva house,-0.3902819752693176,0.7144762873649597
Electro swing,-0.3739386796951294,0.7352054119110107
Future house,-0.32789498567581177,0.7322746515274048
Ghetto house,-0.39565059542655945,0.7353790402412415
Hardbass,-0.34594354033470154,0.7298533916473389
New beat,-0.36610713601112366,0.7046824097633362
Noise pop,-0.31571125984191895,0.7015196084976196
Corrido,-0.33449292182922363,0.7229485511779785
Ranchera,-0.384302020072937,0.757976233959198
Neofolk,-0.4051826298236847,0.7311667203903198
Psychedelic folk,-0.3030630946159363,0.6279513835906982
Dirty rap,-0.36537402868270874,0.7168734073638916
Memphis rap,-0.3811018466949463,0.7495446801185608
Jazz rap,-0.32522180676460266,0.7589661478996277
New jack swing,-0.3766686022281647,0.7049031257629395
Big band,-0.33519718050956726,0.7592843174934387
Hard bop,-0.3157960772514343,0.762580394744873
Soul jazz,-0.3010479509830475,0.6824238896369934
Indian pop,-0.3759857416152954,0.774924635887146
New Pop,-0.38372868299484253,0.7221917510032654
Rhythmic contemporary,-0.3987237215042114,0.7080368399620056
Swamp pop,-0.2955408990383148,0.6484913229942322
Slowcore,-0.3905983865261078,0.701130211353302
Anatolian rock,-0.4030109941959381,0.7184090614318848
Samba rock,-0.31509819626808167,0.6162242889404297
Palm Desert Scene,-0.34765681624412537,0.7759758830070496
Medieval folk rock,-0.305549293756485,0.6406661868095398
Visual kei,-0.4017230272293091,0.7470937967300415
Avant-garde metal,-0.28968748450279236,0.6421366930007935
Melodic death metal,-0.3600459098815918,0.7502664923667908
Medieval metal,-0.3772519528865814,0.7633510828018188
Gothic metal,-0.354841023683548,0.7240892648696899
Electronic metal,-0.35929539799690247,0.6770695447921753
Latin metal,-0.3173101544380188,0.648914635181427
Pirate metal,-0.3185422420501709,0.6364561915397644
Power metal,-0.3160145580768585,0.6931246519088745
Speed metal,-0.3014730215072632,0.7065353989601135
Groove metal,-0.39291349053382874,0.7544905543327332
Crust punk,-0.32540658116340637,0.6687173247337341
Electropunk,-0.33689817786216736,0.7760435342788696
Ska punk,-0.3917519152164459,0.7450730204582214
African hip hop,-0.3595617115497589,0.7760040760040283
Highlife,-0.3085859715938568,0.7532610297203064
Hiplife,-0.3955720067024231,0.7263820767402649
Bhangra (music),-0.35034170746803284,0.7564793229103088
Filmi,-0.35084617137908936,0.6677897572517395
Music of Hawaii,-0.38144615292549133,0.6968316435813904
Music of Romania,-0.3385501205921173,0.6857050657272339
Music of Norway,-0.3056477904319763,0.7432809472084045
Música popular brasileira,-0.28332608938217163,0.5786649584770203
Son (music),-0.3062896132469177,0.6699811220169067
Hymn,-0.3386182188987732,0.6595220565795898
Christmas music,-0.31762972474098206,0.7233177423477173
Musical theatre,-0.370993435382843,0.7481557130813599
March (music),-0.3083767294883728,0.733168363571167
Simon Frith,-0.3841116726398468,0.7361609935760498
Postmodern music,0.6307564973831177,-0.5400194525718689
Country blues,0.6344252228736877,-0.5257254242897034
Country pop,0.6420555710792542,-0.514513373374939
Neoclassical dark wave,0.6879366636276245,-0.5281761884689331
Gabber,0.5296325087547302,-0.44229310750961304
Hardstyle,0.575519323348999,-0.4839770793914795
Ghettotech,0.5483868718147278,-0.4238608479499817
Microhouse,0.660544216632843,-0.5385953187942505
Electro-industrial,0.6633696556091309,-0.560883641242981
Industrial hip hop,0.6357182264328003,-0.5709440112113953
Neo soul,0.6778928637504578,-0.5367540717124939
Nightcore,0.6525116562843323,-0.5053203701972961
Hard trance,0.5309877991676331,-0.42942920327186584
Future garage,0.5193528532981873,-0.44659125804901123
Bitpop,0.6251829266548157,-0.5545380711555481
British hip hop,0.6781566143035889,-0.5113428235054016
Political hip hop,0.6585530638694763,-0.5242434144020081
Cool jazz,0.5672613382339478,-0.4384738504886627
Nu jazz,0.5591697096824646,-0.47389528155326843
Hokkien pop,0.6536011099815369,-0.5538268685340881
Progressive pop,0.6234987378120422,-0.5745723843574524
Teen pop,0.5608899593353271,-0.45003846287727356
Post-punk revival,0.6644928455352783,-0.5750467777252197
Post-metal,0.598156750202179,-0.47124627232551575
Heartland rock,0.5866257548332214,-0.47595152258872986
Swamp rock,0.6777486801147461,-0.562423825263977
Neoclassical metal,0.5431630611419678,-0.4684387147426605
Folk punk,0.6460286378860474,-0.5363794565200806
Celtic punk,0.6434521675109863,-0.5808213949203491
Garage punk (fusion genre),0.6119065284729004,-0.5526883602142334
Christian hardcore,0.5515984892845154,-0.4379839599132538
Queercore,0.6137778162956238,-0.5660930275917053
Nordic folk music,0.522840678691864,-0.43491891026496887
Rocksteady,0.6654563546180725,-0.5095177888870239
Rhumba,0.6860166788101196,-0.5483505129814148
Timba,0.616621732711792,-0.5361872911453247
Zouk,0.670686662197113,-0.5483629703521729
Regional Mexican,0.606151282787323,-0.5095215439796448
Tropical music,0.5387426018714905,-0.42557278275489807
Bachata (music),0.6505904793739319,-0.569687008857727
Islamic music,0.552315890789032,-0.45927733182907104
Fingerstyle guitar,0.6741269826889038,-0.5243263244628906
film,0.6395537853240967,-0.5555002093315125
genres,-0.7110657691955566,-0.3188372552394867
Modernism (music),-0.6723581552505493,-0.29241886734962463
Dark ambient,-0.6294891834259033,-0.297490656375885
Wave music,-0.811194658279419,-0.3815014064311981
Big beat,-0.8004506826400757,-0.367394357919693
Afro/cosmic music,-0.8188926577568054,-0.37216004729270935
Italo dance,-0.6409114599227905,-0.278510719537735
New rave,-0.7564108967781067,-0.3593001365661621
Neue Deutsche Todeskunst,-0.6420877575874329,-0.28813308477401733
Crunkcore,-0.774333119392395,-0.3834865987300873
Latin trap,-0.7861763834953308,-0.3865710198879242
Big room house,-0.7473788857460022,-0.3709104657173157
Funky house,-0.7656264305114746,-0.34718000888824463
Hip house,-0.82209712266922,-0.3312810957431793
Deconstructed club,-0.7794421315193176,-0.3491083085536957
Industrial rock,-0.6059519052505493,-0.27920785546302795
Uplifting trance,-0.8093993067741394,-0.3288393020629883
Post-dubstep,-0.6517370343208313,-0.28079748153686523
Video game music,-0.7733153104782104,-0.3144778609275818
Skiffle,-0.7854045629501343,-0.3607821762561798
Comedy hip hop,-0.6990845799446106,-0.29467591643333435
Chicano rap,-0.7062891721725464,-0.34041231870651245
Rap rock,-0.8249263167381287,-0.3585893511772156
Bossa nova,-0.7997228503227234,-0.3229339122772217
Ethno jazz,-0.6875485181808472,-0.32431235909461975
Shibuya-kei,-0.7420983910560608,-0.31803128123283386
Arabic pop music,-0.8131330609321594,-0.3609865605831146
Space age pop,-0.813651442527771,-0.3456261456012726
Wonky pop,-0.719793975353241,-0.3050104081630707
Urban contemporary gospel,-0.8021469116210938,-0.34032195806503296
Brown-eyed soul,-0.7705146074295044,-0.3694395124912262
Progressive soul,-0.7864211201667786,-0.37342944741249084
Adult album alternative,-0.6903706789016724,-0.3048270344734192
Dream pop,-0.736227810382843,-0.34181737899780273
Shoegaze,-0.826641321182251,-0.3450356125831604
Freakbeat,-0.783761739730835,-0.3981948792934418
Art rock,-0.7684621214866638,-0.3955223560333252
Raga rock,-0.6654044389724731,-0.3135342001914978
Funk metal,-0.7171117067337036,-0.33015891909599304
Drone metal,-0.787594199180603,-0.3241422474384308
National Socialist black metal,-0.8002291321754456,-0.381534218788147
Glam metal,-0.7982884049415588,-0.310814768075943
Art punk,-0.8134583234786987,-0.31674376130104065
Christian punk,-0.7686710953712463,-0.3304075002670288
Tuvan throat singing,-0.7608575224876404,-0.38449811935424805
Raga,-0.7990633249282837,-0.35365304350852966
Music of Albania,-0.6360219120979309,-0.2930508852005005
Polka,-0.7885639071464539,-0.33872145414352417
Indigenous music of North America,-0.8002650737762451,-0.39381083846092224
Church music,-0.6766092777252197,-0.3062594532966614
Progressive music,-0.2524721026420593,-0.8699731230735779
Cowpunk,-0.2447451949119568,-0.7368416786193848
Nashville sound,-0.23218515515327454,-0.8456013202667236
Psychobilly,-0.20398201048374176,-0.6825031042098999
Bass music,-0.24223250150680542,-0.7654303312301636
Breakbeat hardcore,-0.25359225273132324,-0.7726952433586121
Techstep,-0.2998736798763275,-0.8164687752723694
Dance-rock,-0.25965458154678345,-0.7870972752571106
Madchester,-0.2828386127948761,-0.8617766499519348
Electroclash,-0.2676452398300171,-0.8652207255363464
Electronica,-0.28392165899276733,-0.8171961903572083
Kwaito,-0.18238377571105957,-0.6011369228363037
French house,-0.28190919756889343,-0.8468744158744812
Italo house,-0.18125250935554504,-0.6196540594100952
Glitch (music),-0.272505521774292,-0.8298234343528748
Bassline (music genre),-0.23333334922790527,-0.8044613599777222
UK funky,-0.22085441648960114,-0.8443081974983215
Mariachi,-0.2741886079311371,-0.7722403407096863
Underground hip hop,-0.2644924819469452,-0.8499313592910767
Art pop,-0.2126617729663849,-0.6641330122947693
Indie pop,-0.29124054312705994,-0.8348341584205627
Psychedelic funk,-0.25744545459747314,-0.8152026534080505
No wave,-0.25197431445121765,-0.7581744194030762
Rock en español,-0.25556570291519165,-0.8366875052452087
Neo-psychedelia,-0.22869911789894104,-0.7485174536705017
Alternative metal,-0.2444039136171341,-0.852557897567749
Christian metal,-0.1807878613471985,-0.6346474289894104
Celtic metal,-0.3052058815956116,-0.8336802124977112
Music of Ireland,-0.23794913291931152,-0.8313254714012146
Norteño (music),-0.20954766869544983,-0.6965397000312805
Romantic music,-0.710477352142334,0.09971579909324646
Neotraditional country,-0.6975805163383484,0.05617064610123634
Beautiful music,-0.821773886680603,0.09246683120727539
Dungeon synth,-0.6751325726509094,0.06737450510263443
Dark wave,-0.7782043814659119,0.10632595419883728
Worldbeat,-0.6004287600517273,0.04106878489255905
Happy hardcore,-0.811668336391449,0.11811348795890808
Tropical house,-0.7731438279151917,0.1251232773065567
Neue Deutsche Härte,-0.6289933919906616,0.06817685067653656
Witch house (genre),-0.6186245679855347,0.05301302671432495
Chiptune,-0.7580493688583374,0.11433865875005722
Protest song,-0.644866406917572,0.05066017061471939
Rap metal,-0.8405435085296631,0.0944550633430481
Smooth jazz,-0.8126294612884521,0.1333356350660324
New Romantic,-0.7427225708961487,0.09747796505689621
Math rock,-0.833093523979187,0.1267755925655365
Japanese rock,-0.7814081311225891,0.08885893225669861
Thrash metal,-0.8460490703582764,0.11179861426353455
Raï,-0.6782870292663574,0.08783865720033646
Klezmer,-0.8299192786216736,0.10951424390077591
Ska,-0.7273403406143188,0.07861822098493576
Ragtime,-0.6037537455558777,0.06117185950279236
music hall,-0.8019178509712219,0.10429642349481583
Delta blues,0.7508473992347717,0.46934399008750916
Bakersfield sound,0.7133010625839233,0.5058716535568237
Zydeco,0.5980980396270752,0.4045775234699249
Middle of the road (music),0.7749102115631104,0.5074089765548706
Boogie (genre),0.5637549757957458,0.3792767822742462
Disco polo,0.6012774705886841,0.3935091495513916
Space rock,0.6641358733177185,0.4381943941116333
Bouncy techno,0.7661550045013428,0.4761044681072235
UK drill,0.7204214930534363,0.5323900580406189
Garage house,0.765897274017334,0.49953728914260864
British folk revival,0.7521436810493469,0.4836081266403198
Chopper (rap),0.6451950669288635,0.4289340376853943
Hardcore hip hop,0.6909250020980835,0.4569723904132843
Latin hip hop,0.6407756805419922,0.4509883224964142
Christian hip hop,0.7437607049942017,0.5220349431037903
Free improvisation,0.7518668174743652,0.4970546066761017
Contemporary hit radio,0.6595756411552429,0.4532151222229004
Power pop,0.6202880144119263,0.4107825756072998
Northern soul,0.7487154006958008,0.509236216545105
Southern soul,0.7197072505950928,0.4919024705886841
Arena rock,0.7018529772758484,0.5257987380027771
Classic alternative,0.7311554551124573,0.52398681640625
Emo,0.6001813411712646,0.4137251675128937
Experimental rock,0.6641033291816711,0.4690772294998169
Noise rock,0.7535831928253174,0.5381417274475098
Paisley Underground,0.7572364211082458,0.5254247784614563
Acid rock,0.7132327556610107,0.5184513926506042
Stoner rock,0.6848868131637573,0.47516247630119324
New wave of British heavy metal,0.7340227961540222,0.48792219161987305
Symphonic metal,0.7123135328292847,0.5416753888130188
Crossover thrash,0.6320891380310059,0.42481061816215515
Pinoy rock,0.7317420244216919,0.5058196187019348
Yodeling,0.7715007066726685,0.4873912036418915
Music of Russia,0.7656930088996887,0.5171207785606384
Music of Portugal,0.5914469957351685,0.41882243752479553
Merengue music,0.7302330732345581,0.5465388894081116
Reggae fusion,0.580087423324585,0.38240596652030945
Son cubano,0.7342497706413269,0.4733577370643616
Urbano music,0.7396516799926758,0.5382322072982788
21st-century classical music,0.8828127384185791,-0.06554421037435532
Neoclassicism (music),0.7857348322868347,-0.031697358936071396
Drone music,0.7494920492172241,-0.02891252562403679
Chicago blues,0.8585729598999023,-0.022485574707388878
Future bass,0.7181400656700134,-0.03518112003803253
Florida breaks,0.7291439175605774,-0.028934163972735405
Chopped and screwed,0.6721785068511963,-0.0287929717451334
Cold wave (music),0.8695496320724487,-0.0063331532292068005
Acid jazz,0.8332473039627075,-0.04065236076712608
Breakcore,0.7582322955131531,-0.04325415939092636
Afroswing,0.6681565046310425,-0.01763862557709217
Emo rap,0.870601236820221,-0.05269262194633484
Phonk,0.8723607659339905,-0.024029644206166267
Deep house,0.8593013882637024,0.004597247578203678
Martial industrial,0.8456388115882874,-0.007359117269515991
Celtic rock,0.8631541132926941,-0.039308663457632065
Bounce music,0.8409382700920105,-0.055937085300683975
Avant-garde jazz,0.7773041725158691,-0.04310856759548187
Free jazz,0.6583828330039978,-0.014076041989028454
Schlager music,0.8815833926200867,-0.04313790798187256
Christian rock,0.885170042514801,-0.016513627022504807
Funk rock,0.8779199719429016,0.007749530952423811
Pagan rock,0.6908055543899536,-0.019324559718370438
Instrumental rock,0.8918689489364624,-0.03313780948519707
Doom metal,0.8894909620285034,0.0006426819018088281
Sludge metal,0.8941188454627991,-0.05672309547662735
Screamo,0.8399946689605713,-0.024773897603154182
Congolese rumba,0.7652864456176758,-0.017444884404540062
Music of Finland,0.9025275111198425,-0.02442854456603527
Music of the Netherlands,0.7002314329147339,-0.011982007883489132
Music of Spain,0.9025959968566895,-0.043544746935367584
Music of Scotland,0.8988826870918274,-0.009768594056367874
Bolero,0.8703799843788147,-0.06976699829101562
Sea shanty,0.8574722409248352,-0.059338364750146866
Alternative country,-0.7215009331703186,-0.6521584987640381
New Mexico music,-0.4334696829319,-0.43107032775878906
Western music (North America),-0.47974905371665955,-0.5065866708755493
Breakbeat,-0.6678538918495178,-0.6429262757301331
Post-rock,-0.6586897969245911,-0.5308371186256409
Electronicore,-0.630791187286377,-0.64967280626297
Hardcore,-0.6848782896995544,-0.6597986817359924
Drill music,-0.6573715806007385,-0.6647360324859619
2-step garage,-0.7069275975227356,-0.6515352129936218
Bassline,-0.5276742577552795,-0.4595727026462555
Nintendocore,-0.5997422337532043,-0.6501553058624268
Chalga,-0.7245105504989624,-0.6329129338264465
Mexican pop music,-0.664716899394989,-0.5624734163284302
Pop rock,-0.5592855215072632,-0.4744860529899597
Grunge,-0.6699344515800476,-0.5498434901237488
British rhythm and blues,-0.704884946346283,-0.6297692060470581
Indian rock,-0.7031314969062805,-0.6676158905029297
Nu metal,-0.6865019798278809,-0.6263468265533447
Grindcore,-0.4962143003940582,-0.5381543040275574
Balkan music,-0.7134843468666077,-0.613609254360199
Ballroom dance,-0.6496076583862305,-0.538023829460144
national anthem,-0.6898696422576904,-0.6793143153190613
Category:Lists of music genres,-0.579940676689148,-0.6567133665084839
Trip hop,-0.24742287397384644,-0.46753114461898804
Dance-pop,-0.3735983967781067,-0.4696170389652252
Detroit techno,-0.41341373324394226,-0.7029326558113098
Gangsta rap,-0.3594140112400055,-0.42558199167251587
British folk rock,-0.4708239734172821,-0.7592179179191589
traditional music,-0.44623374938964844,-0.7532702088356018
Crossover music,-0.20679625868797302,-0.45355045795440674
New-age music,-0.23709672689437866,-0.4254786968231201
Electronic rock,-0.33389416337013245,-0.7197762131690979
Balearic beat,-0.30939486622810364,-0.6583942770957947
Moombahton,-0.34842348098754883,-0.6918787360191345
East Coast hip hop,-0.3033529818058014,-0.6831474304199219
Turntablism,-0.36154666543006897,-0.7128368020057678
Freestyle music,-0.2831901013851166,-0.5346603393554688
Chicano rock,-0.3555198013782501,-0.7338722348213196
Romani music,-0.31984567642211914,-0.7007720470428467
Music of the United Kingdom,-0.33358320593833923,-0.6716340780258179
Renaissance music,0.8418837785720825,-0.1741168349981308
Minimal music,0.6007612347602844,-0.10544286668300629
Musical improvisation,0.8182808756828308,-0.1741739958524704
Blues rock,0.828354001045227,-0.15664373338222504
Chill-out music,0.8457317352294922,-0.20579342544078827
Lounge music,0.736552894115448,-0.15168781578540802
Space music,0.8625613451004028,-0.17550358176231384
UK bass,0.8317047357559204,-0.1914757639169693
Jersey club,0.8831809759140015,-0.17579525709152222
Eurobeat,0.692544162273407,-0.134991854429245
Post-disco,0.8812270164489746,-0.19439947605133057
Synthwave,0.8693395256996155,-0.2088274508714676
Mumble rap,0.5974551439285278,-0.1375233232975006
Mandopop,0.8710087537765503,-0.15908415615558624
Pub rock (United Kingdom),0.5981322526931763,-0.14945432543754578
Black metal,0.8500202894210815,-0.15486027300357819
Afrobeat,0.8580397963523865,-0.1928389072418213
Mambo (music),0.6005968451499939,-0.11749754101037979
Medieval music,-0.7748482823371887,0.5077957510948181
British blues,-0.7249476313591003,0.4756476879119873
Outlaw country,-0.7519524693489075,0.543772280216217
Eurodisco,-0.7689018249511719,0.49320197105407715
Dance-punk,-0.48779046535491943,0.3317893147468567
Chillwave,-0.7296690940856934,0.5418142080307007
Progressive house,-0.7521998286247253,0.5278649926185608
Industrial metal,-0.5673131346702576,0.312531054019928
Goa trance,-0.6368461847305298,0.5139198899269104
West Coast hip hop,-0.7655715942382812,0.5198979377746582
Urban contemporary music,-0.7376421689987183,0.5184100866317749
American rock,-0.5375881195068359,0.4927535951137543
Post-hardcore,-0.6183555722236633,0.5139252543449402
Soukous,-0.6407791376113892,0.33215802907943726
Music of Turkey,-0.6806225776672363,0.3786681294441223
Samba,-0.6878395080566406,0.3839278519153595
Reggaeton,-0.48042523860931396,0.39494749903678894
Cuban rumba,-0.7328750491142273,0.4974064528942108
Gregorian chant,-0.6629342436790466,0.5074031949043274
Classical period (music),-0.1817668378353119,0.7966851592063904
20th-century classical music,-0.20095999538898468,0.8174571394920349
Electric blues,-0.18202809989452362,0.6858308911323547
Classic country,-0.18875297904014587,0.54241943359375
Western swing,-0.22914569079875946,0.8493639230728149
Neue Deutsche Welle,-0.17612038552761078,0.6280578374862671
Digital hardcore,-0.20171034336090088,0.8380938768386841
UK hard house,-0.23048529028892517,0.8288149237632751
Japanoise,-0.18560099601745605,0.83270663022995
G-funk,-0.2189171016216278,0.8156774640083313
Bebop,-0.25995784997940063,0.6951466798782349
C-pop,-0.21329805254936218,0.8472695350646973
Yacht rock,-0.20177096128463745,0.7979417443275452
Mod (subculture),-0.2625819444656372,0.779040515422821
Glam rock,-0.24387551844120026,0.8423885107040405
Roots rock,-0.17860497534275055,0.8151035308837891
Progressive metal,-0.16999058425426483,0.5373721718788147
Zouk (musical movement),-0.18091106414794922,0.5333777070045471
Country rock,-0.8208608031272888,0.23190049827098846
Cajun music,-0.8395077586174011,0.2359665483236313
Illbient,-0.6412158608436584,0.16363684833049774
Baltimore club,-0.7258782982826233,0.21253564953804016
Hi-NRG,-0.6937344074249268,0.2022937387228012
Nu-disco,-0.8307596445083618,0.2183021903038025
Funk carioca,-0.581964910030365,0.15181833505630493
Manila sound,-0.8473982214927673,0.2105620801448822
Cloud rap,-0.736259400844574,0.19340075552463531
Crunk,-0.7805797457695007,0.24093163013458252
Dixieland,-0.5939770936965942,0.16556669771671295
Latin jazz,-0.6756872534751892,0.17551755905151367
Cantopop,-0.8116940855979919,0.2574191093444824
Soft rock,-0.7929614186286926,0.22842282056808472
Turbo-folk,-0.8250502347946167,0.24764615297317505
Death metal,-0.8514943718910217,0.22744977474212646
Folk metal,-0.6033122539520264,0.16996635496616364
Mathcore,-0.7748187184333801,0.21079184114933014
Metalcore,-0.829435408115387,0.26324379444122314
Oi!,-0.8040356040000916,0.21031635999679565
Dancehall,-0.7373263835906982,0.21493005752563477
Flamenco,-0.8318454027175903,0.2023756504058838
Contemporary Christian music,-0.6057862043380737,0.15159527957439423
video game music,-0.8443819284439087,0.2511507272720337
British Invasion,-0.37831246852874756,-0.8744646906852722
Rock and roll,-0.2584075927734375,-0.4024139940738678
African popular music,-0.11274266988039017,-0.5904826521873474
Contemporary R&B,-0.7862322926521301,-0.5175967812538147
Extreme metal,-0.2612273097038269,-0.29424673318862915
List of microgenres,-0.6505577564239502,-0.26504477858543396
